Rank,Model,MSE,RMSE,MAE,R² Score,Training Time
1,XGBoost,0.5009931582744407,0.7078087017510033,0.34616327903788496,0.5600479942147909,0
2,Random Forest,0.526367338452095,0.7255117769217085,0.3395722917112345,0.5377654115488633,0
3,Neural Network,0.7468776360189727,0.8642208259576789,0.40814028925855356,0.3441221529363424,0
4,Decision Tree,0.8021033877980686,0.8956022486562148,0.4322168503980406,0.2956251228573413,0
5,Ridge Regression,0.8097089951739602,0.8998383161290479,0.5497493569504995,0.28894618490185464,0
6,Linear Regression,0.8139637280271694,0.9021993837435102,0.5527492649551465,0.2852098499401221,0
7,Support Vector Machine,0.8213120431017602,0.9062626788640037,0.41015775516062974,0.27875685571692166,0
8,Lasso Regression,0.8371763766412815,0.9149734294728353,0.5515520888132361,0.2648254372017518,0
